{
  "ar1_SPY": 0.03826105580042383,
  "ann_vol_SPY": 16.111334766200162,
  "ar1_AGG": 0.05604283412901565,
  "ann_vol_AGG": 4.580858294253378,
  "ar1_PE": 0.7728314761225128,
  "ann_vol_PE": 8.42378358129195,
  "ar1_NPI": 0.901020277412819,
  "ann_vol_NPI": 4.605326055768616,
  "pe_kf_alpha": 0.5446181141429747,
  "pe_kf_ma1": 0.7781410919950486,
  "pe_kf_vol": 12.49373690666074,
  "npi_kf_alpha": 0.8432413375461625,
  "npi_kf_ma1": 0.4257006731039162,
  "npi_kf_vol": 12.958067018126624,
  "lambda_SPY": 0.94,
  "ks_p_SPY": 0.9854626361586227,
  "lambda_AGG": 0.9334952834208033,
  "ks_p_AGG": 0.9280325198786884,
  "lambda_PE": 0.94,
  "ks_p_PE": 0.9994807979354423,
  "lambda_NPI": 0.94,
  "ks_p_NPI": 0.9999833402974893,
  "spy_eta": 4.674685270990573,
  "spy_lambda_sk": -0.5197212624003507,
  "agg_eta": 8.680563135182666,
  "agg_lambda_sk": -0.19057836830283317,
  "champion": "Student-t",
  "t_nu": 4.443208155826826,
  "R_SPY_PE": 0.291774087431655,
  "R_SPY_NPI": -0.08914397701674893,
  "R_PE_NPI": 0.3792985964333995,
  "R_AGG_PE": 0.024482485840688017,
  "vuong_t_vs_g_z": 0.5166436378499343,
  "vuong_t_vs_g_p": 0.6054049474726755,
  "vuong_v_vs_t_z": -0.6261657781443385,
  "vuong_v_vs_t_p": 0.5312062111726614,
  "es_param_reported": 8.811564272843778,
  "es_param_unsmoothed": 15.21579201090332,
  "es_hs_reported": 22.70922171150985,
  "es_hs_unsmoothed": 33.035060075585015,
  "es_fhs_unsmoothed": 33.045318272757356,
  "es_champion": 18.72836378666872,
  "var_champion": 8.097602693998589,
  "comp_SPY_pct": 87.04219280660097,
  "comp_SPY": 16.301578515498502,
  "comp_AGG_pct": -11.677575314362866,
  "comp_AGG": -2.187018786173054,
  "comp_PE_pct": 18.937833002873163,
  "comp_PE": 3.5467462578254767,
  "comp_NPI_pct": 5.697549504888746,
  "comp_NPI": 1.0670577981215554,
  "es_total_recomputed": 18.728363785272478,
  "replay_GFC_loss": 11.560201596826271,
  "replay_GFC_pct": 96.447,
  "replay_COVID_loss": -20.509023855441395,
  "replay_COVID_pct": 45.6659,
  "replay_Worst#1_loss": 23.112171705291086,
  "replay_Worst#1_pct": 98.8476,
  "replay_Worst#2_loss": 17.397821374164028,
  "replay_Worst#2_pct": 98.00179999999999,
  "replay_Worst#3_loss": 15.419968914109585,
  "replay_Worst#3_pct": 97.57090000000001,
  "backtest_n_breach": 8,
  "backtest_expected": 4.0000000000000036,
  "backtest_kupiec_p": 0.06908300844504522,
  "backtest_chris_p": 0.001626576086835696,
  "backtest_acerbi_z": 0.09825551838932528,
  "stress_GFC_x_1.2_loss": 13.872241916191525,
  "stress_GFC_x_1.5_loss": 17.34030239523941,
  "stress_GFC_x_2.0_loss": 23.120403193652546,
  "reverse_target": 37.456727570544956,
  "reverse_n_deep": 3260,
  "reverse_SPY_loss": 105.53917516249425,
  "reverse_AGG_loss": -10.378900146981636,
  "reverse_PE_loss": 37.840797356189434,
  "reverse_NPI_loss": 13.129917951918127,
  "tier_a_var_ci_lo": 8.012448523686174,
  "tier_a_var_ci_hi": 8.180580509350108,
  "tier_a_es_ci_lo": 18.592805564196883,
  "tier_a_es_ci_hi": 18.863087411095915,
  "tier_b_var_pct_ci_lo": 4.685485905466841,
  "tier_b_var_pct_ci_hi": 10.633509534692624,
  "tier_b_es_pct_ci_lo": 12.422116479740168,
  "tier_b_es_pct_ci_hi": 20.111079614444797,
  "tier_b_es_wald_ci_lo": 14.883882219316405,
  "tier_b_es_wald_ci_hi": 22.572845354021034,
  "tier_b_var_wald_ci_lo": 5.123590879385697,
  "tier_b_var_wald_ci_hi": 11.07161450861148,
  "tier_b_nu_mean": 5.187,
  "tier_b_n_valid": 500
}