test,stat,p_value
Kupiec POF,3.304675026039412,0.06908300844504522
Christoffersen Ind,9.929421941567888,0.001626576086835696
Acerbi-Szekely Z,0.09825551838932528,2.7614293035327364e-05
Breach count,8.0,
