,reported,unsmoothed
Parametric,0.08811564272843778,0.1521579201090332
HS,0.2270922171150985,0.33035060075585015
FHS,,0.33045318272757357
Champion,,0.1872836378666872
