,reported,unsmoothed
Parametric,0.03079418929491523,0.08186294294996102
HS,0.1334703462898899,0.21060244633798542
FHS,,0.18323402470676406
Champion,,0.08097602693998589
